name,id,listPrice,isSoldOut
Grundens® X J.Crew graphic hoodie,BB117,N/A,True
Tall Kate straight-leg pant in bi-stretch cotton,BF403,"{'amount': 98, 'formatted': '$98.00'}",False
Tall Kate straight-leg pant in four-season stretch,BK253,"{'amount': 118, 'formatted': '$118.00'}",False
Petite Kate straight-leg pant in faux leather,BN271,"{'amount': 148, 'formatted': '$148.00'}",False
Tall Sydney wide-leg pant in four-season stretch,BN851,"{'amount': 128, 'formatted': '$128.00'}",False
Tall wide-leg pant in Italian ponte,BP437,"{'amount': 178, 'formatted': '$178.00'}",False
Collection Thomas Mason® tuxedo shirt in cotton voile,E9214,N/A,True
LeSpecs® Teen Spirit Deux sunglasses,K1517,N/A,True
Summersalt® high kick in pink,K1817,N/A,True
Summersalt® deep dive one-piece in white,K1834,N/A,True
Summersalt® high leg high-rise bikini bottom in blue,K1858,N/A,True
Odette New York® Aalto earrings,K2034,N/A,True
Odette New York® Pivot earrings,K2050,N/A,True
Tinker™ 42mm silver-toned watch with black strap,K2058,N/A,True
Odette New York® Ridge cuff bracelet,K2063,N/A,True
Tinker™ 38mm gold-toned watch with grey strap,K2069,N/A,True
Odette New York® Aalto necklace,K2074,N/A,True
Onia Nina solid one-piece in yellow,K2115,N/A,True
Onia Kelly solid terry one-piece,K2165,N/A,True
Onia Danni citrus gingham bikini top,K2175,N/A,True
Onia Genevieve bikini top,K2183,N/A,True
"Onia Calder 7.5"" swim trunk in blue",K2228,N/A,True
"Onia Charles 7"" swim trunk in red",K2235,N/A,True
RAINS® weekend bag,K2814,N/A,True
Unisex RAINS® long jacket,K2823,N/A,True
The Great Eros® Fresco cut-out bralette,K5157,N/A,True
The Great Eros® Fresco bodysuit,K5168,N/A,True
The Great Eros® Sonata bralette in putty,K5177,N/A,True
The Great Eros® high-waist bikini brief,K5190,N/A,True
Mayron's GOODS® chia seed + coconut oil for body and hair,K5414,N/A,True
LEBON® le white travel toothpaste,K5489,N/A,True
LEBON® une piscine a antibes toothpaste,K5499,N/A,True
GROWN ALCHEMIST® 65 ml vanilla-and-orange-peel hand cream,K5510,N/A,True
"GROWN ALCHEMIST® body cleansing bar - geranium, bergamot and patchouli",K5516,N/A,True
GROWN ALCHEMIST® regenerating night cream - neuro-peptide and violet leaf extract,K5595,N/A,True
Fellow Barber™ Styling Cream,K5863,N/A,True
Onia Kate bikini bottom,K6568,N/A,True
Onia Rosa toucan flower Panama hat,K6573,N/A,True
Onia Gloria one-piece,K6578,N/A,True
Onia Genevieve banana bikini top,K6583,N/A,True
"Onia Calder 7.5"" swim trunk in sage",K6589,N/A,True
"Onia Charles 7"" swim trunk in green",K6594,N/A,True
Fragrance With Benefits® NoMo eau fraiche and body crème bundle,K6599,N/A,True
Unisex Koio tri-strap white sneakers,K7026,N/A,True
SeaVees® Huntington middie sneakers in deep navy,K7410,N/A,True
SeaVees® Hermosa sneaker standards in natural,K7437,N/A,True
SNOWE™ chef's towel set,K7445,N/A,True
SNOWE™ Staycation candle,K7453,N/A,True
SNOWE™ travel candle set,K7458,N/A,True
SNOWE™ Rinse and Repeat diffuser,K7464,N/A,True
Swedish Stockings™ Elin premium tights,K7581,"{'amount': 20, 'formatted': '$20.00'}",False
W&P travel pack,K8086,N/A,True
W&P Shake,K8091,N/A,True
W&P barrel-aged spirits kit,K8096,N/A,True
GREATS® Royale sneakers in black with contrast sole,K8605,N/A,True
GREATS® Pronto sneakers in black,K8611,N/A,True
GREATS® Wooster perforated slip-on sneakers,K8616,N/A,True
Onia Leah bikini bottom,K8815,N/A,True
Onia Kelly one-piece,K8848,N/A,True
"Onia Calder 7.5"" banana leaf swim trunk",K8861,N/A,True
"Onia Charles 7"" swim trunk in tropical camo print",K8871,N/A,True
Gola Classics® Coaster sneakers,K8902,N/A,True
NAADAM Talus Mongolian cashmere hoodie,K9506,N/A,True
NAADAM Eterna Mongolian cashmere sweater,K9530,N/A,True
NAADAM Strega striped cotton short-sleeve top in onyx,K9540,N/A,True
Carhartt® Work in Progress striped pocket T-shirt,K9824,N/A,True
Chill by Will™ Bountiful 2.0 leggings,L0615,N/A,True
Chill by Will™ Sienna jogger pant,L0639,N/A,True
Flagpole™ Jackie bikini bottom in tangerine,L0645,N/A,True
Flagpole™ Nora one-piece swimsuit in bay niagara,L0657,N/A,True
Kids' Lennon + Wolfe™ Hendrix jogger pant,L1515,N/A,True
Kids' Lennon + Wolfe™ Bowie slouch jacket,L1578,N/A,True
Coyuchi® organic linen chambray full/queen duvet cover,L1695,N/A,True
Coyuchi® 300-thread-count organic percale duvet cover,L1740,N/A,True
Coyuchi® Air Weight organic six-piece towel set,L1778,N/A,True
Coyuchi® Crystal Cove organic sham,L1807,N/A,True
Coyuchi® Sequoia washable organic cotton-wool blanket,L1812,N/A,True
Modern Weaving™ hoop set earrings,L2022,N/A,True
Modern Weaving™ wood circle handle tote bag in natural,L2035,N/A,True
Lunya® washable silk pant set,L3185,N/A,True
GREATS® Royale sneakers,L3510,N/A,True
Best Made Co.® standard five-pocket pant,L3629,N/A,True
Best Made Co.® Lumberlander blanket,L3657,N/A,True
GREATS® Royale grosgrain sneakers,L3855,N/A,True
GREATS® Royale sneakers in cream nubuck,L3886,N/A,True
GREATS® Wooster slip-ons neakers in plum nubuck,L3891,N/A,True
GREATS® Wooster slip-on sneakers in plum velvet,L3919,N/A,True
GREATS® Rosen perforated sneakers in black,L3930,N/A,True
GREATS® Royale sneakers in camel wool,L3940,N/A,True
GREATS® Hirsh chukka boots in cadet navy suede,L3945,N/A,True
GREATS® Royale perforated sneakers in blush leather,L3950,N/A,True
EVOLG® Bear touchscreen gloves,L3974,N/A,True
EVOLG® Chief touchscreen gloves,L4050,N/A,True
EVOLG® Har touchscreen gloves,L4064,N/A,True
Unisex RAINS® AOP bag rush,L4075,N/A,True
Unisex RAINS® city tote,L4086,N/A,True
Melissa Joy Manning® prong set blue sapphire stud earrings,L4190,N/A,True
Girls' Wovenplay® lola suit,L4442,"{'amount': 88, 'formatted': '$88.00'}",False
Boys' Wovenplay® cowboy chaps,L4448,"{'amount': 88, 'formatted': '$88.00'}",False
Girls' Wovenplay® whale sweatshirt,L4454,"{'amount': 60, 'formatted': '$60.00'}",False
SNOWE™ dinner plate set,L5317,N/A,True
SNOWE™ dinner bowl set,L5326,N/A,True
SNOWE™ essential glass set,L5333,N/A,True
SNOWE™ percale full sheet set,L5349,N/A,True
WHIT® Mira top,L5369,N/A,True
WHIT® Dalia top,L5374,N/A,True
Odette New York® Agneta earrings,L5409,N/A,True
Best Made Co.® Merino cap of courage,L5817,N/A,True
Best Made Co.® ranger coth ball cap,L5822,N/A,True
Kid Made Modern® gem jackpot,L5867,N/A,True
Kid Made Modern® on-the-go make a face kit,L5872,N/A,True
Kid Made Modern® go wild craft kit,L5878,N/A,True
Kid Made Modern® rainbow throw pillow,L5892,N/A,True
Coyuchi® 300-thread-count sateen california king sheet set,L6238,N/A,True
Coyuchi® organic linen chambray king sheet set,L6267,N/A,True
Chill by Will™ Axel bra,L6349,N/A,True
Druthers™ quarter-length socks,L6455,N/A,True
Druthers™ pique crew socks,L6491,N/A,True
GREATS® Jolie sneakers in ultraviolet,L6582,N/A,True
Fisher + Baker™ Passage hooded jacket,L6589,N/A,True
Girls' Childrenchic® Mary Janes,L6897,N/A,True
Girls' Childrenchic® lace-up ribbon ballerinas,L6907,N/A,True
Girls' Childrenchic® bow loafers,L6917,N/A,True
Girls' Childrenchic® linen ankle T-band shoes in shimmer,L6931,N/A,True
Alpha Industries® N-2B short-waist parka,L7400,N/A,True
W&P matcha whisk,L7470,N/A,True
W&P pop art puzzle,L7475,N/A,True
W&P mason tap,L7480,N/A,True
W&P jigger,L7487,N/A,True
W&P shaken cocktail set,L7492,N/A,True
W&P craft cocktail set,L7501,N/A,True
W&P elderflower spritz syrup,L7506,N/A,True
W&P Host cookbook,L7512,N/A,True
W&P Porter bowl in ceramic,L7522,N/A,True
Kids' Lennon + Wolfe™ Sally dress,L7590,N/A,True
Kids' Lennon + Wolfe™ Zoey sweatshirt dress,L7612,N/A,True
FRONTEER® boonie hat,L7880,N/A,True
Garbo & Friends® Cupola play blanket,L7952,N/A,True
Garbo & Friends® sleep bag,L7962,N/A,True
Garbo & Friends® tartan throw,L7967,N/A,True
Garbo & Friends® Fauna crib sheet,L7972,N/A,True
Garbo & Friends® Cupola toddler duvet set,L7977,N/A,True
Modern Weaving™ lobe chandelier earrings,L8142,N/A,True
ARIANA BOHLING® crisscross alpaca slippers,L8300,N/A,True
Lunya® restore short,L8305,N/A,True
